{
  "budgets": [
    0.01,
    0.05,
    0.1,
    0.2,
    0.5,
    1.0,
    2.0,
    5.0,
    10.0,
    25.0,
    50.0,
    100.0,
    250.0,
    500.0
  ],
  "tier1_auc_at_budget": [
    0.0,
    0.0,
    0.0,
    0.0,
    0.9403354200479171,
    0.9403354200479171,
    0.9403354200479171,
    0.9403354200479171,
    0.9403354200479171,
    0.9403354200479171,
    0.9403354200479171,
    0.9403354200479171,
    0.9403354200479171,
    0.9403354200479171
  ],
  "tier3_auc_at_budget": [
    0.0,
    0.0,
    0.0,
    0.0,
    0.0,
    0.0,
    0.0,
    0.0,
    0.0,
    0.8903057938532086,
    0.8903057938532086,
    0.8903057938532086,
    0.8903057938532086,
    0.8903057938532086
  ],
  "cascade_auc_at_budget": [
    0.0,
    0.0,
    0.0,
    0.0,
    0.9403354200479171,
    0.9403354200479171,
    0.9403354200479171,
    0.9403354200479171,
    0.9403354200479171,
    0.9403354200479171,
    0.9403354200479171,
    0.9403354200479171,
    0.9403354200479171,
    0.9403354200479171
  ],
  "tier1_f1_at_budget": [
    0.0,
    0.0,
    0.0,
    0.0,
    0.8940677966101694,
    0.8940677966101694,
    0.8940677966101694,
    0.8940677966101694,
    0.8940677966101694,
    0.8940677966101694,
    0.8940677966101694,
    0.8940677966101694,
    0.8940677966101694,
    0.8940677966101694
  ],
  "tier3_f1_at_budget": [
    0.0,
    0.0,
    0.0,
    0.0,
    0.0,
    0.0,
    0.0,
    0.0,
    0.0,
    0.8450704225352113,
    0.8450704225352113,
    0.8450704225352113,
    0.8450704225352113,
    0.8450704225352113
  ],
  "cascade_f1_at_budget": [
    0.0,
    0.0,
    0.0,
    0.0,
    0.8940677966101694,
    0.8940677966101694,
    0.8940677966101694,
    0.8940677966101694,
    0.8940677966101694,
    0.8940677966101694,
    0.8940677966101694,
    0.8940677966101694,
    0.8940677966101694,
    0.8940677966101694
  ],
  "tier1_p50_ms": 0.385,
  "tier1_p99_ms": 1.484,
  "tier3_p50_ms": 22.089,
  "tier3_p99_ms": 46.964,
  "tier1_auc": 0.9403354200479171,
  "tier3_auc": 0.8903057938532086,
  "tier1_f1": 0.8940677966101694,
  "tier3_f1": 0.8450704225352113,
  "n_test": 398,
  "n_fraud_test": 227
}