{
  "budgets": [
    0.01,
    0.05,
    0.1,
    0.2,
    0.5,
    1.0,
    2.0,
    5.0,
    10.0,
    25.0,
    50.0,
    100.0,
    250.0,
    500.0
  ],
  "tier1_auc_at_budget": [
    0.0,
    0.0,
    0.916371158392435,
    0.916371158392435,
    0.916371158392435,
    0.916371158392435,
    0.916371158392435,
    0.916371158392435,
    0.916371158392435,
    0.916371158392435,
    0.916371158392435,
    0.916371158392435,
    0.916371158392435,
    0.916371158392435
  ],
  "tier3_auc_at_budget": [
    0.0,
    0.0,
    0.0,
    0.0,
    0.0,
    0.0,
    0.0,
    0.0,
    0.8638484509145203,
    0.8638484509145203,
    0.8638484509145203,
    0.8638484509145203,
    0.8638484509145203,
    0.8638484509145203
  ],
  "cascade_auc_at_budget": [
    0.0,
    0.0,
    0.916371158392435,
    0.916371158392435,
    0.916371158392435,
    0.916371158392435,
    0.916371158392435,
    0.916371158392435,
    0.916371158392435,
    0.916371158392435,
    0.916371158392435,
    0.916371158392435,
    0.916371158392435,
    0.916371158392435
  ],
  "tier1_f1_at_budget": [
    0.0,
    0.0,
    0.8392370572207084,
    0.8392370572207084,
    0.8392370572207084,
    0.8392370572207084,
    0.8392370572207084,
    0.8392370572207084,
    0.8392370572207084,
    0.8392370572207084,
    0.8392370572207084,
    0.8392370572207084,
    0.8392370572207084,
    0.8392370572207084
  ],
  "tier3_f1_at_budget": [
    0.0,
    0.0,
    0.0,
    0.0,
    0.0,
    0.0,
    0.0,
    0.0,
    0.7885714285714286,
    0.7885714285714286,
    0.7885714285714286,
    0.7885714285714286,
    0.7885714285714286,
    0.7885714285714286
  ],
  "cascade_f1_at_budget": [
    0.0,
    0.0,
    0.8392370572207084,
    0.8392370572207084,
    0.8392370572207084,
    0.8392370572207084,
    0.8392370572207084,
    0.8392370572207084,
    0.8392370572207084,
    0.8392370572207084,
    0.8392370572207084,
    0.8392370572207084,
    0.8392370572207084,
    0.8392370572207084
  ],
  "tier1_p50_ms": 0.069,
  "tier1_p99_ms": 0.285,
  "tier3_p50_ms": 8.014,
  "tier3_p99_ms": 15.456,
  "tier1_auc": 0.916371158392435,
  "tier3_auc": 0.8638484509145203,
  "tier1_f1": 0.8392370572207084,
  "tier3_f1": 0.7885714285714286,
  "n_test": 359,
  "n_fraud_test": 188
}