{"SubGNN": {"auc": 0.8397950364242499, "fpr": [0.0, 0.0, 0.0, 0.0, 0.0, 0.01098901098901099, 0.01098901098901099, 0.02197802197802198, 0.02197802197802198, 0.03296703296703297, 0.03296703296703297, 0.04395604395604396, 0.04395604395604396, 0.054945054945054944, 0.054945054945054944, 0.06593406593406594, 0.06593406593406594, 0.07692307692307693, 0.07692307692307693, 0.08791208791208792, 0.08791208791208792, 0.10989010989010989, 0.10989010989010989, 0.12087912087912088, 0.12087912087912088, 0.14285714285714285, 0.14285714285714285, 0.18681318681318682, 0.18681318681318682, 0.1978021978021978, 0.1978021978021978, 0.2857142857142857, 0.2857142857142857, 0.2967032967032967, 0.2967032967032967, 0.3076923076923077, 0.32967032967032966, 0.32967032967032966, 0.3516483516483517, 0.3516483516483517, 0.38461538461538464, 0.38461538461538464, 0.3956043956043956, 0.3956043956043956, 0.4065934065934066, 0.4065934065934066, 0.43956043956043955, 0.43956043956043955, 0.45054945054945056, 0.45054945054945056, 0.4835164835164835, 0.4835164835164835, 0.5164835164835165, 0.5164835164835165, 0.5934065934065934, 0.5934065934065934, 0.6153846153846154, 0.6153846153846154, 0.7252747252747253, 0.7252747252747253, 0.9560439560439561, 0.9560439560439561, 1.0, 1.0], "precision": [0.49444444444444446, 0.49162011173184356, 0.4943820224719101, 0.4971751412429379, 0.5, 0.5028571428571429, 0.5, 0.5028901734104047, 0.5058139534883721, 0.5087719298245614, 0.5117647058823529, 0.514792899408284, 0.5178571428571429, 0.5209580838323353, 0.5240963855421686, 0.5272727272727272, 0.5304878048780488, 0.5337423312883436, 0.5370370370370371, 0.5403726708074534, 0.54375, 0.5471698113207547, 0.5506329113924051, 0.554140127388535, 0.5576923076923077, 0.5612903225806452, 0.564935064935065, 0.5686274509803921, 0.5657894736842105, 0.5695364238410596, 0.5733333333333334, 0.5771812080536913, 0.581081081081081, 0.5850340136054422, 0.589041095890411, 0.593103448275862, 0.5972222222222222, 0.6013986013986014, 0.6056338028169014, 0.6028368794326241, 0.6071428571428571, 0.6115107913669064, 0.6086956521739131, 0.6058394160583942, 0.6102941176470589, 0.6148148148148148, 0.6194029850746269, 0.6240601503759399, 0.6287878787878788, 0.6335877862595419, 0.6384615384615384, 0.6356589147286822, 0.640625, 0.6456692913385826, 0.6507936507936508, 0.648, 0.6532258064516129, 0.6585365853658537, 0.6639344262295082, 0.6611570247933884, 0.6666666666666666, 0.6638655462184874, 0.6694915254237288, 0.6752136752136753, 0.6810344827586207, 0.6782608695652174, 0.6842105263157895, 0.6814159292035398, 0.6785714285714286, 0.6846846846846847, 0.6818181818181818, 0.6788990825688074, 0.6851851851851852, 0.6915887850467289, 0.6981132075471698, 0.6952380952380952, 0.6923076923076923, 0.6893203883495146, 0.6862745098039216, 0.693069306930693, 0.7, 0.696969696969697, 0.6938775510204082, 0.6907216494845361, 0.6875, 0.6947368421052632, 0.7021276595744681, 0.7065217391304348, 0.7032967032967034, 0.7111111111111111, 0.7078651685393258, 0.7045454545454546, 0.7126436781609196, 0.7209302325581395, 0.7294117647058823, 0.7380952380952381, 0.7469879518072289, 0.7560975609756098, 0.7654320987654321, 0.775, 0.7721518987341772, 0.7692307692307693, 0.7792207792207793, 0.7763157894736842, 0.7866666666666666, 0.7972972972972973, 0.8082191780821918, 0.8194444444444444, 0.8169014084507042, 0.8142857142857143, 0.8260869565217391, 0.8382352941176471, 0.835820895522388, 0.8484848484848485, 0.8461538461538461, 0.859375, 0.873015873015873, 0.8709677419354839, 0.8852459016393442, 0.8833333333333333, 0.8813559322033898, 0.8793103448275862, 0.8771929824561403, 0.8928571428571429, 0.8909090909090909, 0.9074074074074074, 0.9056603773584906, 0.9038461538461539, 0.9215686274509803, 0.92, 0.9387755102040817, 0.9375, 0.9361702127659575, 0.9565217391304348, 0.9555555555555556, 0.9545454545454546, 0.9534883720930233, 0.9761904761904762, 0.975609756097561, 0.975, 0.9743589743589743, 0.9736842105263158, 0.972972972972973, 0.9722222222222222, 0.9714285714285714, 0.9705882352941176, 0.9696969696969697, 0.96875, 0.967741935483871, 0.9666666666666667, 0.9655172413793104, 0.9642857142857143, 0.9629629629629629, 0.9615384615384616, 1.0, 1.0, 1.0, 1.0, 1.0, 1.0, 1.0, 1.0, 1.0, 1.0, 1.0, 1.0, 1.0, 1.0, 1.0, 1.0, 1.0, 1.0, 1.0, 1.0, 1.0, 1.0, 1.0, 1.0], "recall": [1.0, 0.9887640449438202, 0.9887640449438202, 0.9887640449438202, 0.9887640449438202, 0.9887640449438202, 0.9775280898876404, 0.9775280898876404, 0.9775280898876404, 0.9775280898876404, 0.9775280898876404, 0.9775280898876404, 0.9775280898876404, 0.9775280898876404, 0.9775280898876404, 0.9775280898876404, 0.9775280898876404, 0.9775280898876404, 0.9775280898876404, 0.9775280898876404, 0.9775280898876404, 0.9775280898876404, 0.9775280898876404, 0.9775280898876404, 0.9775280898876404, 0.9775280898876404, 0.9775280898876404, 0.9775280898876404, 0.9662921348314607, 0.9662921348314607, 0.9662921348314607, 0.9662921348314607, 0.9662921348314607, 0.9662921348314607, 0.9662921348314607, 0.9662921348314607, 0.9662921348314607, 0.9662921348314607, 0.9662921348314607, 0.9550561797752809, 0.9550561797752809, 0.9550561797752809, 0.9438202247191011, 0.9325842696629213, 0.9325842696629213, 0.9325842696629213, 0.9325842696629213, 0.9325842696629213, 0.9325842696629213, 0.9325842696629213, 0.9325842696629213, 0.9213483146067416, 0.9213483146067416, 0.9213483146067416, 0.9213483146067416, 0.9101123595505618, 0.9101123595505618, 0.9101123595505618, 0.9101123595505618, 0.898876404494382, 0.898876404494382, 0.8876404494382022, 0.8876404494382022, 0.8876404494382022, 0.8876404494382022, 0.8764044943820225, 0.8764044943820225, 0.8651685393258427, 0.8539325842696629, 0.8539325842696629, 0.8426966292134831, 0.8314606741573034, 0.8314606741573034, 0.8314606741573034, 0.8314606741573034, 0.8202247191011236, 0.8089887640449438, 0.797752808988764, 0.7865168539325843, 0.7865168539325843, 0.7865168539325843, 0.7752808988764045, 0.7640449438202247, 0.7528089887640449, 0.7415730337078652, 0.7415730337078652, 0.7415730337078652, 0.7303370786516854, 0.7191011235955056, 0.7191011235955056, 0.7078651685393258, 0.6966292134831461, 0.6966292134831461, 0.6966292134831461, 0.6966292134831461, 0.6966292134831461, 0.6966292134831461, 0.6966292134831461, 0.6966292134831461, 0.6966292134831461, 0.6853932584269663, 0.6741573033707865, 0.6741573033707865, 0.6629213483146067, 0.6629213483146067, 0.6629213483146067, 0.6629213483146067, 0.6629213483146067, 0.651685393258427, 0.6404494382022472, 0.6404494382022472, 0.6404494382022472, 0.6292134831460674, 0.6292134831460674, 0.6179775280898876, 0.6179775280898876, 0.6179775280898876, 0.6067415730337079, 0.6067415730337079, 0.5955056179775281, 0.5842696629213483, 0.5730337078651685, 0.5617977528089888, 0.5617977528089888, 0.550561797752809, 0.550561797752809, 0.5393258426966292, 0.5280898876404494, 0.5280898876404494, 0.5168539325842697, 0.5168539325842697, 0.5056179775280899, 0.4943820224719101, 0.4943820224719101, 0.48314606741573035, 0.47191011235955055, 0.4606741573033708, 0.4606741573033708, 0.449438202247191, 0.43820224719101125, 0.42696629213483145, 0.4157303370786517, 0.4044943820224719, 0.39325842696629215, 0.38202247191011235, 0.3707865168539326, 0.3595505617977528, 0.34831460674157305, 0.33707865168539325, 0.3258426966292135, 0.3146067415730337, 0.30337078651685395, 0.29213483146067415, 0.2808988764044944, 0.2808988764044944, 0.2696629213483146, 0.25842696629213485, 0.24719101123595505, 0.23595505617977527, 0.2247191011235955, 0.21348314606741572, 0.20224719101123595, 0.19101123595505617, 0.1797752808988764, 0.16853932584269662, 0.15730337078651685, 0.14606741573033707, 0.12359550561797752, 0.10112359550561797, 0.0898876404494382, 0.07865168539325842, 0.06741573033707865, 0.056179775280898875, 0.0449438202247191, 0.033707865168539325, 0.02247191011235955, 0.011235955056179775, 0.0],