{"SubGNN+CSP-reg": {"fpr": [0.0, 0.0, 0.0, 0.013157894736842105, 0.013157894736842105, 0.02631578947368421, 0.02631578947368421, 0.02631578947368421, 0.02631578947368421, 0.039473684210526314, 0.039473684210526314, 0.039473684210526314, 0.039473684210526314, 0.05263157894736842, 0.05263157894736842, 0.06578947368421052, 0.06578947368421052, 0.07894736842105263, 0.07894736842105263, 0.09210526315789473, 0.09210526315789473, 0.10526315789473684, 0.10526315789473684, 0.11842105263157894, 0.11842105263157894, 0.14473684210526316, 0.14473684210526316, 0.15789473684210525, 0.15789473684210525, 0.17105263157894737, 0.17105263157894737, 0.18421052631578946, 0.18421052631578946, 0.19736842105263158, 0.19736842105263158, 0.2236842105263158, 0.2236842105263158, 0.2631578947368421, 0.2631578947368421, 0.27631578947368424, 0.27631578947368424, 0.3026315789473684, 0.3026315789473684, 0.3157894736842105, 0.3157894736842105, 0.32894736842105265, 0.32894736842105265, 0.5394736842105263, 0.5394736842105263, 0.5526315789473685, 0.5526315789473685, 0.5921052631578947, 0.5921052631578947, 0.618421052631579, 0.618421052631579, 0.6447368421052632, 0.6447368421052632, 0.6578947368421053, 0.6578947368421053, 0.6973684210526315, 0.6973684210526315, 1.0], "tpr": [0.0, 0.008403361344537815, 0.13445378151260504, 0.13445378151260504, 0.15126050420168066, 0.15126050420168066, 0.17647058823529413, 0.19327731092436976, 0.21008403361344538, 0.21008403361344538, 0.2184873949579832, 0.23529411764705882, 0.25210084033613445, 0.25210084033613445, 0.2689075630252101, 0.2689075630252101, 0.4117647058823529, 0.4117647058823529, 0.4369747899159664, 0.4369747899159664, 0.44537815126050423, 0.44537815126050423, 0.4957983193277311, 0.4957983193277311, 0.5378151260504201, 0.5378151260504201, 0.7058823529411765, 0.7058823529411765, 0.7226890756302521, 0.7226890756302521, 0.7815126050420168, 0.7815126050420168, 0.7899159663865546, 0.7899159663865546, 0.8487394957983193, 0.8487394957983193, 0.865546218487395, 0.865546218487395, 0.8907563025210085, 0.8907563025210085, 0.8991596638655462, 0.8991596638655462, 0.9243697478991597, 0.9243697478991597, 0.9327731092436975, 0.9327731092436975, 0.9411764705882353, 0.9411764705882353, 0.9495798319327731, 0.9495798319327731, 0.957983193277311, 0.957983193277311, 0.9663865546218487, 0.9663865546218487, 0.9747899159663865, 0.9747899159663865, 0.9831932773109243, 0.9831932773109243, 0.9915966386554622, 0.9915966386554622, 1.0, 1.0], "precision": [0.6102564102564103, 0.6134020618556701, 0.616580310880829, 0.6197916666666666, 0.6230366492146597, 0.6263157894736842, 0.6296296296296297, 0.6329787234042553, 0.6363636363636364, 0.6397849462365591, 0.6432432432432432, 0.6467391304347826, 0.6502732240437158, 0.6538461538461539, 0.6574585635359116, 0.6611111111111111, 0.664804469273743, 0.6685393258426966, 0.672316384180791, 0.6761363636363636, 0.68, 0.6839080459770115, 0.6878612716763006, 0.6918604651162791, 0.6900584795321637, 0.6941176470588235, 0.6982248520710059, 0.7023809523809523, 0.7005988023952096, 0.7048192771084337, 0.703030303030303, 0.7073170731707317, 0.7116564417177914, 0.7098765432098766, 0.7142857142857143, 0.71875, 0.7169811320754716, 0.7215189873417721, 0.7261146496815286, 0.7307692307692307, 0.7290322580645161, 0.7337662337662337, 0.7320261437908496, 0.7368421052631579, 0.7417218543046358, 0.7466666666666667, 0.7516778523489933, 0.7567567567567568, 0.7619047619047619, 0.7671232876712328, 0.7724137931034483, 0.7777777777777778, 0.7832167832167832, 0.7887323943661971, 0.7943262411347518, 0.8, 0.8057553956834532, 0.8115942028985508, 0.8175182481751825, 0.8161764705882353, 0.8222222222222222, 0.8208955223880597, 0.8270676691729323, 0.8257575757575758, 0.8244274809160306, 0.823076923076923, 0.8294573643410853, 0.8359375, 0.8346456692913385, 0.8412698412698413, 0.84, 0.8387096774193549, 0.8373983739837398, 0.8442622950819673, 0.8512396694214877, 0.8583333333333333, 0.8571428571428571, 0.8559322033898306, 0.8632478632478633, 0.8706896551724138, 0.8695652173913043, 0.868421052631579, 0.8672566371681416, 0.8660714285714286, 0.8648648648648649, 0.8636363636363636, 0.8623853211009175, 0.8703703703703703, 0.8691588785046729, 0.8773584905660378, 0.8761904761904762, 0.875, 0.8737864077669902, 0.8725490196078431, 0.8712871287128713, 0.87, 0.8686868686868687, 0.8775510204081632, 0.8762886597938144, 0.875, 0.8842105263157894, 0.8829787234042553, 0.8817204301075269, 0.8804347826086957, 0.8791208791208791, 0.8777777777777778, 0.8764044943820225, 0.875, 0.8735632183908046, 0.872093023255814, 0.8705882352941177, 0.8690476190476191, 0.8674698795180723, 0.8658536585365854, 0.8641975308641975, 0.8625, 0.8607594936708861, 0.8589743589743589, 0.8571428571428571, 0.8552631578947368, 0.8533333333333334, 0.8648648648648649, 0.8767123287671232, 0.875, 0.8732394366197183, 0.8714285714285714, 0.8695652173913043, 0.8676470588235294, 0.8805970149253731, 0.8787878787878788, 0.8769230769230769, 0.875, 0.873015873015873, 0.8709677419354839, 0.8688524590163934, 0.8833333333333333, 0.8813559322033898, 0.896551724137931, 0.8947368421052632, 0.8928571428571429, 0.8909090909090909, 0.9074074074074074, 0.9056603773584906, 0.9038461538461539, 0.9019607843137255, 0.9, 0.8979591836734694, 0.8958333333333334, 0.8936170212765957, 0.8913043478260869, 0.8888888888888888, 0.8863636363636364, 0.8837209302325582, 0.8809523809523809, 0.8780487804878049, 0.875, 0.8717948717948718, 0.868421052631579, 0.8648648648648649, 0.8888888888888888, 0.8857142857142857, 0.8823529411764706, 0.9090909090909091, 0.90625, 0.9032258064516129, 0.896551724137931, 0.8928571428571429, 0.9259259259259259, 0.9230769230769231, 0.92, 0.9130434782608695, 0.9090909090909091, 0.9047619047619048, 0.9, 0.9473684210526315, 0.9444444444444444, 0.9411764705882353, 1.0, 1.0, 1.0, 1.0, 1.0, 1.0, 1.0, 1.0, 1.0, 1.0, 1.0, 1.0, 1.0, 1.0, 1.0, 1.0, 1.0],