{
  "10-50": {
    "avg_nodes": 18.157258064516128,
    "n_subgraphs": 248,
    "latency_p50_ms": 0.6126455118646845,
    "latency_p95_ms": 2.609075650980229,
    "latency_p99_ms": 41.048412322415956
  },
  "100-200": {
    "avg_nodes": 134.89583333333334,
    "n_subgraphs": 48,
    "latency_p50_ms": 2.5228334998246282,
    "latency_p95_ms": 7.760662143118677,
    "latency_p99_ms": 14.367341250472233
  },
  "200+": {
    "avg_nodes": 288.75373134328356,
    "n_subgraphs": 134,
    "latency_p50_ms": 4.258812507032417,
    "latency_p95_ms": 11.111741651257034,
    "latency_p99_ms": 16.113201655971352
  },
  "50-100": {
    "avg_nodes": 72.79591836734694,
    "n_subgraphs": 49,
    "latency_p50_ms": 1.3299370039021596,
    "latency_p95_ms": 3.470901754917577,
    "latency_p99_ms": 7.844530332949943
  },
  "<10": {
    "avg_nodes": 4.137423312883436,
    "n_subgraphs": 815,
    "latency_p50_ms": 0.4666250024456531,
    "latency_p95_ms": 1.2661315486184315,
    "latency_p99_ms": 1.8194966702139936
  }
}