{
  "10-50": {
    "avg_nodes": 15.454545454545455,
    "latency_p50_ms": 0.2919376129284501,
    "latency_p95_ms": 34.60302907042205,
    "latency_p99_ms": 36.86347865033895,
    "n_subgraphs": 242
  },
  "100-200": {
    "avg_nodes": 129.4,
    "latency_p50_ms": 0.5564374150708318,
    "latency_p95_ms": 1.9695124821737409,
    "latency_p99_ms": 2.035808190703392,
    "n_subgraphs": 15
  },
  "200+": {
    "avg_nodes": 288.53846153846155,
    "latency_p50_ms": 0.7907500257715583,
    "latency_p95_ms": 1.66767684277147,
    "latency_p99_ms": 3.5815803334116936,
    "n_subgraphs": 65
  },
  "50-100": {
    "avg_nodes": 71.16666666666667,
    "latency_p50_ms": 0.394833623431623,
    "latency_p95_ms": 1.4285912970080972,
    "latency_p99_ms": 1.6925496072508395,
    "n_subgraphs": 12
  },
  "<10": {
    "avg_nodes": 4.159117305458769,
    "latency_p50_ms": 0.2456663642078638,
    "latency_p95_ms": 0.2842142363078892,
    "latency_p99_ms": 0.7972598052583634,
    "n_subgraphs": 861
  }
}