{
  "model": "SAGEConv Temporal Node Classifier",
  "test_results": {
    "auc_roc": 0.9469825271815003,
    "f1": 0.3174042245558749,
    "pr_auc": 0.22796113702222787,
    "mcc": 0.3183148246288447
  },
  "test_results_std": {
    "auc_roc": 0.0053673092407772825,
    "f1": 0.01003869100393607,
    "pr_auc": 0.016573666441913913,
    "mcc": 0.012813620545247968
  },
  "latency_p50_ms_per_node": 0.0013828916098313417,
  "latency_p95_ms_per_node": 0.0016004449340072024,
  "train_time_s": 278.375661611557,
  "best_val_auc": 0.9448184684936094,
  "num_runs": 3,
  "runs": [
    {
      "auc_roc": 0.9405798196876503,
      "f1": 0.3269230769230769,
      "pr_auc": 0.21616181234185586,
      "mcc": 0.33040047244464504,
      "threshold": 0.9589888453483582,
      "val_auc": 0.9443744568207368,
      "train_time_s": 181.08575677871704
    },
    {
      "auc_roc": 0.9466531564573928,
      "f1": 0.3217665615141956,
      "pr_auc": 0.251399658555848,
      "mcc": 0.32396542386691557,
      "threshold": 0.9615371823310852,
      "val_auc": 0.9461685679601975,
      "train_time_s": 373.59090995788574
    },
    {
      "auc_roc": 0.9537146053994577,
      "f1": 0.3035230352303523,
      "pr_auc": 0.21632194016897982,
      "mcc": 0.30057857757497347,
      "threshold": 0.9470996260643005,
      "val_auc": 0.9439123806998939,
      "train_time_s": 280.45031809806824
    }
  ],
  "threshold": 0.9558752179145813
}