{
  "tier1": {
    "model": "XGBoost",
    "train_periods": [
      "dao_hack",
      "attack_51_v1",
      "attack_51_v2"
    ],
    "val_results": {
      "auc_roc": 0.8784705848246794,
      "f1": 0.11004678102027178,
      "pr_auc": 0.09223421783215505,
      "mcc": 0.11523693921840318
    },
    "test_results": {
      "auc_roc": 0.9266125636868338,
      "f1": 0.11688574317492417,
      "pr_auc": 0.15190678622249032,
      "mcc": 0.1717908468911666
    },
    "latency_p50_ms": 0.155167001139489,
    "latency_p95_ms": 0.18216605076304404,
    "latency_p99_ms": 0.2603783399536042,
    "train_time_s": 6.444715976715088,
    "n_features": 25
  }
}